Client,Recency,Frequency,Monetary,RFM_Score,Cluster_KMeans
6695,137,2,0.0,331,4
6873,109,2,0.0,321,4
6611,386,2,0.0,121,4
7043,383,2,0.0,121,4
6564,380,2,0.0,121,4
6681,555,2,0.0,111,4
6690,157,5,0.0,341,4
6985,343,4,0.0,141,4
7044,550,2,0.0,111,4
6926,396,2,0.0,121,4
6749,555,3,0.0,131,4
6750,297,2,0.0,211,4
6732,492,2,0.0,111,4
7047,290,5,0.0,241,4
6550,625,2,0.0,121,4
7041,453,2,0.0,111,4
6665,302,3,0.0,241,4
6894,163,2,0.0,311,4
7051,634,2,0.0,121,4
6598,502,2,0.0,111,4
7064,171,2,0.0,311,4
6941,387,2,0.0,121,4
6587,318,2,0.0,221,4
6918,215,3,0.0,241,4
6968,295,2,0.0,211,4
6923,397,3,0.0,131,4
7167,304,2,0.0,221,4
7030,769,2,0.0,111,4
6845,391,2,0.0,121,4
7075,549,4,0.0,141,4
6908,599,2,0.0,121,4
7101,186,2,0.0,311,4
6614,131,2,0.0,331,4
6608,335,2,0.0,121,4
7130,192,2,0.0,211,4
6885,389,2,0.0,121,4
6984,282,2,0.0,211,4
7083,633,2,0.0,121,4
6555,170,2,0.0,311,4
6960,216,2,0.0,211,4
7133,338,2,0.0,121,4
6987,285,2,0.0,211,4
6777,149,2,0.0,331,4
6625,648,2,0.0,121,4
6794,285,2,0.0,211,4
6660,460,2,0.0,111,4
6583,644,2,0.0,121,4
6910,653,2,0.0,121,4
7145,107,2,0.0,431,4
6957,453,3,0.0,131,4
7073,354,2,0.0,121,4
6711,182,2,0.0,311,4
6752,400,2,0.0,121,4
6635,179,2,0.0,311,4
6912,401,2,0.0,121,4
6680,359,2,0.0,121,4
7156,596,2,0.0,121,4
6622,569,5,0.0,141,4
6738,261,4,0.0,241,4
7164,107,2,0.0,431,4
6811,655,2,0.0,121,4
6774,704,2,0.0,121,4
7059,593,2,0.0,121,4
6606,485,2,0.0,121,4
6636,645,2,0.0,121,4
6548,22,2,99.0,431,2
6524,656,2,368.0,121,0
6537,647,2,368.0,121,0
6513,640,2,388.0,121,0
6497,396,2,398.0,121,0
6479,644,2,404.0,121,0
6465,591,2,417.0,121,0
6437,708,2,418.0,121,0
6417,489,2,422.0,121,0
6378,696,2,428.0,121,0
6129,690,2,458.0,121,0
6208,282,2,458.0,211,0
6124,591,2,458.0,121,0
6140,503,2,458.0,111,0
6197,423,2,458.0,121,0
6241,499,2,458.0,111,0
6093,18,7,474.0,441,1
6074,221,3,478.0,231,2
5348,225,2,498.0,211,2
5756,328,2,498.0,121,0
5567,291,2,498.0,211,0
5311,256,3,498.0,241,2
5275,188,2,498.0,311,2
5279,333,6,498.0,141,1
5573,109,2,498.0,321,2
5200,461,3,504.0,131,0
5197,487,2,504.0,121,0
5174,656,2,538.0,121,0
5158,641,2,539.0,121,0
5147,640,2,539.0,121,0
5105,199,2,548.0,211,2
5097,110,3,548.0,341,2
5077,657,4,564.0,141,0
5076,485,2,566.0,121,0
5045,92,2,568.0,421,2
5032,293,2,596.0,211,0
5024,368,2,598.0,121,0
4977,538,3,599.0,131,0
4954,574,2,599.0,111,0
4976,603,2,599.0,121,0
4952,590,4,599.0,141,0
4971,570,3,599.0,131,0
4920,533,2,624.0,111,0
4853,145,3,648.0,341,2
4815,634,2,649.0,121,0
4825,636,2,649.0,121,0
4820,639,2,649.0,121,0
4801,625,2,649.0,121,0
4805,614,2,649.0,121,0
4822,636,2,649.0,121,0
4747,256,2,666.15,211,2
4702,288,2,696.0,211,0
4664,322,2,698.0,121,0
4662,484,2,699.0,121,0
4656,480,2,699.0,121,0
4643,145,2,709.85,331,2
4527,452,2,721.8,111,0
4516,356,2,728.0,121,0
4474,396,2,728.0,121,0
4409,508,2,748.0,111,0
4344,471,2,759.0,121,0
4329,435,2,763.65,121,0
4295,292,2,777.0,211,0
4273,513,2,786.0,111,0
4266,367,2,796.0,121,0
4259,381,2,796.0,121,0
4263,442,2,796.0,121,0
4206,349,2,798.0,121,0
4117,262,2,798.0,211,2
4108,324,2,798.0,121,0
4046,564,2,799.0,111,0
4006,336,2,809.1,121,0
3997,292,2,816.0,211,0
3987,538,2,818.0,111,0
3963,113,2,831.0,321,2
3959,688,2,835.0,121,0
3958,654,2,836.0,121,0
3943,403,5,848.0,141,1
3924,291,2,848.0,211,0
3938,226,3,848.0,241,2
3849,-5,2,854.0,431,2
3767,384,2,876.0,121,0
3746,285,2,886.0,211,0
3733,223,2,896.15,211,2
3605,568,2,899.0,111,0
3639,173,2,899.0,311,2
3586,191,5,899.0,241,1
3422,125,3,899.0,331,2
3496,202,2,899.0,211,2
3456,171,2,899.0,311,2
3428,309,2,899.0,221,0
3319,288,2,902.15,211,0
3317,643,2,907.0,121,0
3316,596,2,908.0,121,0
3311,521,2,915.0,111,0
3308,108,2,915.75,431,2
3307,509,2,916.0,111,0
3306,339,2,916.2,121,0
3299,180,2,919.15,311,2
3278,249,2,936.15,211,2
3276,174,2,936.15,311,2
3275,139,2,936.15,331,2
3280,46,2,936.15,421,2
3272,158,2,936.15,331,2
3274,142,2,936.15,331,2
3279,146,2,936.15,331,2
3277,188,2,936.15,321,2
3273,320,2,936.15,121,0
3260,146,2,938.05,331,2
3254,342,2,946.0,121,0
3255,398,2,946.0,121,0
3253,450,2,947.0,111,0
3117,423,2,956.0,121,0
3115,221,2,956.0,211,2
3118,170,2,956.0,311,2
3114,194,2,956.0,211,2
3113,180,2,956.0,311,2
3116,127,2,956.0,321,2
3094,200,2,958.0,211,2
3102,83,2,958.0,431,2
3090,12,2,961.0,431,2
3075,506,2,976.0,111,0
3074,176,2,976.0,311,2
3076,71,2,976.0,421,2
3069,297,2,976.05,211,0
3071,299,2,976.05,211,0
3072,306,2,976.05,221,0
3073,143,2,976.05,331,2
3070,163,2,976.05,311,2
3027,278,2,995.15,211,2
3026,91,2,995.65,421,2
3016,309,2,996.0,221,0
3018,188,2,996.0,311,2
3020,307,2,996.0,221,0
3015,187,2,996.0,311,2
3010,216,2,996.0,211,2
3019,345,2,996.0,121,0
3021,229,2,996.0,211,2
3013,215,2,996.0,211,2
3023,314,2,996.0,221,0
3022,268,2,996.0,211,2
3025,306,2,996.0,221,0
3017,187,2,996.0,311,2
3011,148,2,996.0,331,2
3024,150,2,996.0,331,2
3014,255,2,996.0,211,2
3012,357,2,996.0,121,0
2988,197,3,998.0,241,2
2970,460,2,998.35,111,0
2755,308,2,999.0,221,0
2670,354,2,999.0,121,0
2657,457,2,999.0,111,0
2777,453,2,999.0,111,0
2598,462,2,1006.0,121,0
2597,650,2,1007.0,121,0
2585,357,2,1012.15,121,0
2576,101,2,1016.0,421,2
2560,527,2,1022.15,111,0
2558,299,2,1023.55,211,0
2554,359,2,1026.0,121,0
2535,379,4,1037.0,141,0
2534,452,2,1038.0,111,0
2519,338,2,1046.0,121,0
2503,607,2,1048.0,121,0
2471,285,2,1057.0,211,2
2462,74,2,1066.0,431,2
2460,72,2,1066.0,431,2
2386,132,2,1096.0,331,2
2369,592,5,1098.0,141,0
2345,581,2,1104.0,111,0
2339,165,2,1116.0,311,2
2338,160,2,1117.0,331,2
2334,308,3,1118.0,231,0
2318,656,2,1124.15,121,0
2317,376,2,1126.0,121,0
2309,98,2,1128.0,431,2
2282,397,2,1146.0,121,0
2254,337,2,1156.0,121,0
2255,206,2,1156.0,211,2
2253,286,2,1156.3,211,2
2228,363,2,1166.0,121,0
2218,604,2,1176.0,121,0
2219,534,2,1176.0,111,0
2215,178,2,1176.15,311,2
2213,227,2,1177.0,211,2
2205,315,2,1178.55,221,0
2196,636,2,1188.0,121,0
2189,169,2,1190.3,311,2
2188,172,2,1190.3,311,2
2187,461,2,1191.0,121,0
2186,528,2,1191.3,111,0
2185,364,2,1192.65,121,0
2181,349,2,1196.0,121,0
2147,551,2,1198.0,111,0
2129,57,3,1199.0,431,2
2119,657,2,1205.0,121,0
2117,152,2,1206.0,331,2
2103,166,2,1210.0,311,2
2087,225,2,1216.0,211,2
2086,292,2,1216.0,211,0
2088,304,2,1216.0,221,0
2085,349,2,1216.0,121,0
2080,20,3,1223.6,431,2
2079,362,2,1226.0,121,0
2069,544,2,1228.0,111,0
2068,538,2,1228.0,111,0
2055,83,2,1235.0,431,2
2056,115,2,1235.0,321,2
2053,503,2,1236.0,111,0
2049,128,2,1240.0,331,2
2048,588,2,1243.0,121,0
2047,260,2,1244.05,211,2
2044,184,2,1245.0,311,2
2042,288,2,1246.0,211,2
2026,646,2,1251.0,121,0
2023,298,2,1256.1,211,0
2022,410,2,1257.0,121,0
1998,306,2,1262.15,221,0
1999,347,2,1262.15,121,0
1995,467,2,1266.0,121,0
1994,127,9,1267.0,341,1
1991,298,3,1271.6,241,0
1987,408,2,1273.2,121,0
1984,156,2,1275.3,331,2
1983,167,2,1275.3,311,2
1985,230,2,1275.3,211,2
1982,236,2,1276.0,211,2
1981,457,2,1276.8,111,0
1975,286,2,1277.65,211,2
1950,391,2,1287.65,121,0
1946,373,2,1294.0,121,0
1941,328,2,1296.0,121,0
1943,329,2,1296.0,121,0
1942,192,2,1296.0,211,2
1939,281,2,1297.0,211,2
1937,131,2,1297.2,331,2
1905,140,2,1298.0,331,2
1895,208,2,1307.15,211,2
1893,600,3,1309.1,131,0
1891,-9,2,1309.3,431,2
1890,209,2,1312.15,211,2
1889,124,2,1312.2,321,2
1886,486,2,1316.0,121,0
1885,699,2,1316.0,121,0
1880,523,2,1321.3,111,0
1878,372,3,1322.05,131,0
1874,222,2,1326.0,211,2
1873,783,2,1326.1,121,0
1868,447,2,1327.0,121,0
1863,185,2,1327.2,311,2
1865,144,2,1327.2,331,2
1864,299,3,1327.2,241,0
1861,303,2,1328.1,221,0
1841,459,2,1336.0,111,0
1837,369,2,1340.0,121,0
1838,103,2,1340.0,431,2
1834,163,2,1345.0,311,2
1823,327,2,1347.15,121,0
1819,296,2,1347.15,211,0
1820,204,2,1347.15,211,2
1821,128,2,1347.15,331,2
1822,348,3,1347.15,131,0
1800,62,2,1349.0,421,2
1799,520,3,1349.3,131,0
1797,171,2,1350.65,311,2
1793,122,2,1357.35,321,2
1787,453,2,1358.5,111,0
1785,179,2,1361.15,311,2
1783,178,2,1363.55,311,2
1778,642,2,1366.0,121,0
1771,494,2,1370.45,121,0
1770,18,2,1371.6,431,2
1769,321,2,1372.0,121,0
1768,460,3,1373.0,131,0
1765,133,2,1375.0,331,2
1764,155,2,1375.05,331,2
1763,629,2,1376.0,121,0
1762,119,3,1376.37,331,2
1761,173,2,1377.0,311,2
1760,148,2,1377.0,331,2
1752,374,3,1384.0,131,0
1749,108,2,1386.0,431,2
1745,152,2,1387.15,331,2
1746,189,2,1387.15,211,2
1744,292,3,1387.3,241,2
1741,94,2,1393.45,431,2
1740,45,2,1394.75,421,2
1738,155,2,1395.0,331,2
1739,183,2,1395.0,311,2
1737,187,2,1395.0,311,2
1734,89,2,1396.0,422,2
1727,233,2,1397.0,212,2
1723,280,2,1397.0,212,2
1725,287,2,1397.0,212,2
1726,134,2,1397.0,332,2
1721,314,2,1397.0,222,0
1670,36,3,1400.1,432,2
1664,345,2,1415.0,122,0
1663,103,2,1415.15,432,2
1660,653,2,1418.0,122,0
1657,84,3,1421.0,432,2
1653,498,3,1424.0,132,0
1648,166,2,1426.0,312,2
1644,297,2,1427.05,212,0
1639,439,2,1436.0,122,0
1638,706,4,1436.0,142,0
1628,285,2,1444.55,212,2
1627,-8,2,1444.65,432,2
1626,250,2,1446.0,212,2
1624,126,3,1447.0,342,2
1625,339,2,1447.0,122,0
1620,753,2,1448.0,122,0
1615,-1,2,1450.1,432,2
1614,220,3,1454.0,232,2
1613,637,2,1454.65,122,0
1611,428,2,1457.0,122,0
1612,127,2,1457.0,332,2
1608,745,2,1458.0,122,0
1606,247,2,1460.7,212,2
1603,154,2,1465.0,332,2
1602,33,2,1466.0,422,2
1601,293,10,1466.05,242,1
1599,119,2,1470.3,322,2
1598,100,2,1473.0,432,2
1597,699,2,1476.0,122,0
1595,160,2,1477.0,332,2
1593,324,2,1477.05,122,0
1592,9,2,1479.0,432,2
1589,338,3,1483.3,132,0
1586,289,2,1488.6,212,2
1582,343,2,1490.45,122,0
1581,646,2,1490.9,122,0
1580,144,3,1494.0,342,2
1579,265,2,1495.0,212,2
1577,306,2,1496.0,222,0
1574,302,2,1497.0,222,0
1570,306,2,1497.0,222,0
1576,677,2,1497.0,122,0
1575,196,2,1497.0,212,2
1564,614,3,1498.15,132,0
1557,206,2,1500.95,212,2
1556,342,2,1502.15,122,0
1554,56,3,1504.15,432,2
1547,167,2,1515.15,312,2
1544,229,2,1516.4,212,2
1540,114,2,1517.15,322,2
1529,206,2,1523.6,212,2
1526,101,2,1530.0,432,2
1525,165,2,1531.0,312,2
1524,228,2,1534.0,212,2
1523,178,2,1534.8,312,2
1518,183,2,1537.0,312,2
1517,353,2,1537.0,122,0
1512,607,2,1546.0,122,0
1509,290,2,1547.0,212,2
1506,376,2,1547.0,122,0
1501,38,2,1553.0,422,2
1500,89,2,1553.0,422,2
1498,80,2,1553.0,432,2
1499,21,2,1553.0,432,2
1496,84,2,1553.0,432,2
1497,18,2,1553.0,432,2
1495,94,2,1553.0,432,2
1493,152,2,1555.0,332,2
1491,355,2,1556.0,122,0
1490,153,2,1556.15,332,2
1488,105,2,1558.05,432,2
1487,288,2,1560.15,212,2
1486,167,2,1563.15,312,2
1485,53,3,1564.0,432,2
1484,177,3,1564.0,342,2
1483,367,2,1565.0,122,0
1482,537,2,1566.0,112,0
1480,125,2,1566.0,322,2
1479,347,3,1566.8,132,0
1478,35,2,1567.0,422,2
1477,213,2,1567.15,212,2
1475,284,2,1569.65,212,2
1474,360,2,1570.0,122,0
1466,331,2,1576.0,122,0
1463,143,2,1580.05,332,2
1462,651,2,1580.1,122,0
1461,335,2,1580.15,122,0
1460,607,2,1584.45,122,0
1456,59,2,1593.0,422,2
1454,255,2,1595.0,212,2
1451,354,2,1596.0,122,0
1448,297,2,1596.0,212,0
1452,326,2,1596.0,122,0
1442,642,2,1597.8,122,0
1441,152,2,1598.0,332,2
1396,106,2,1601.0,432,2
1394,288,2,1603.55,212,2
1392,135,2,1607.1,332,2
1391,151,2,1607.8,332,2
1389,229,2,1608.3,212,2
1382,192,5,1612.3,242,1
1381,222,2,1613.15,212,2
1379,293,2,1614.0,212,2
1378,352,2,1614.0,122,0
1376,340,2,1614.3,122,0
1375,62,2,1614.65,422,2
1374,454,2,1615.0,112,0
1371,452,2,1616.0,112,0
1370,252,2,1617.0,212,2
1365,101,2,1619.95,422,2
1362,5,2,1623.0,432,2
1361,338,2,1623.0,122,0
1360,321,2,1627.0,122,0
1359,371,2,1627.0,122,0
1358,461,2,1628.0,112,0
1357,45,2,1628.3,422,2
1356,194,2,1629.45,212,2
1353,196,2,1635.0,212,2
1352,137,2,1635.0,332,2
1351,336,2,1636.0,122,0
1350,110,2,1638.0,322,2
1348,142,2,1643.8,332,2
1347,340,2,1645.45,122,0
1344,472,2,1646.0,122,0
1345,314,2,1646.0,222,0
1339,236,2,1647.0,212,2
1340,342,2,1647.0,122,0
1335,209,2,1651.05,212,2
1332,80,2,1653.05,432,2
1327,259,2,1657.1,212,2
1325,148,2,1661.15,332,2
1324,126,2,1662.0,322,2
1323,244,3,1662.15,242,2
1322,224,2,1663.15,212,2
1321,587,2,1665.0,122,0
1310,122,4,1669.95,342,1
1309,202,2,1672.25,212,2
1308,221,2,1672.65,212,2
1305,117,2,1675.05,322,2
1302,16,2,1678.85,432,2
1298,328,2,1685.45,122,0
1297,336,2,1686.0,122,0
1296,221,2,1686.3,212,2
1295,647,3,1688.0,132,0
1294,334,2,1688.15,122,0
1292,325,2,1691.0,122,0
1288,552,2,1695.0,112,0
1289,328,2,1695.0,122,0
1290,342,2,1695.0,122,0
1287,159,2,1695.0,332,2
1282,168,2,1696.0,312,2
1283,360,2,1696.0,122,0
1285,243,2,1696.0,212,2
1284,202,2,1696.0,212,2
1278,290,2,1697.0,212,2
1280,135,2,1697.0,332,2
1277,133,2,1697.0,332,2
1279,135,2,1697.0,332,2
1281,248,2,1697.0,212,2
1274,177,2,1698.0,312,2
1271,348,2,1698.75,122,0
1267,-3,2,1700.75,432,2
1266,223,2,1701.95,212,2
1264,321,2,1704.6,122,0
1263,171,2,1705.0,312,2
1256,26,2,1708.0,422,2
1249,402,2,1717.0,122,0
1251,456,2,1717.0,112,0
1247,397,2,1719.3,122,0
1246,282,2,1720.65,212,2
1245,263,2,1723.65,212,2
1244,225,2,1726.0,212,2
1242,560,2,1728.0,112,0
1240,237,2,1730.75,212,2
1239,589,2,1734.65,122,0
1237,350,2,1736.6,122,0
1236,585,2,1737.0,112,0
1233,689,2,1742.0,122,0
1232,344,2,1744.0,122,0
1231,2,3,1744.0,432,2
1230,255,2,1746.0,212,2
1223,452,2,1749.3,112,0
1221,185,2,1753.05,312,2
1220,231,2,1756.0,212,2
1218,117,2,1757.0,322,2
1215,372,2,1768.05,122,0
1214,4,3,1769.15,432,2
1213,100,2,1769.9,432,2
1212,290,2,1771.0,212,2
1211,331,2,1772.95,122,0
1209,351,2,1776.0,122,0
1207,514,2,1777.0,112,0
1206,243,2,1777.0,212,2
1205,131,2,1778.1,332,2
1200,47,2,1786.0,422,2
1198,51,2,1787.0,422,2
1196,110,2,1791.0,322,2
1195,46,2,1791.65,422,2
1193,83,2,1794.0,432,2
1191,334,2,1795.0,122,0
1149,79,2,1795.75,432,2
1150,6,2,1795.75,432,2
1143,250,2,1796.0,212,2
1144,202,2,1796.0,212,2
1146,200,2,1796.0,212,2
1145,344,2,1796.0,122,0
1141,167,2,1797.0,312,2
1139,601,3,1797.0,132,0
1134,217,2,1797.0,212,2
1142,290,2,1797.0,212,2
1132,139,2,1798.0,332,2
1129,318,3,1798.0,232,0
1122,315,3,1798.0,232,0
1133,160,2,1798.0,322,2
1118,82,2,1801.0,432,2
1114,173,3,1805.0,342,2
1113,15,2,1806.0,432,2
1112,177,2,1807.1,312,2
1111,96,2,1809.0,432,2
1110,104,2,1814.0,432,2
1109,72,2,1815.0,432,2
1108,127,2,1815.12,332,2
1107,201,2,1815.45,212,2
1106,344,2,1817.0,122,0
1105,206,2,1818.3,212,2
1104,348,2,1820.45,122,0
1103,495,4,1822.0,142,0
1101,353,2,1825.0,122,0
1094,129,2,1829.85,332,2
1092,150,3,1832.75,342,2
1091,134,2,1835.0,332,2
1089,214,2,1836.0,212,2
1088,96,3,1836.0,432,2
1087,110,3,1837.0,342,2
1086,184,2,1837.15,312,2
1082,115,3,1841.0,342,2
1081,248,2,1841.8,212,2
1076,40,2,1845.8,422,2
1075,200,2,1846.0,212,2
1074,260,3,1846.0,242,2
1073,74,2,1846.25,432,2
1072,46,2,1847.3,422,2
1071,105,2,1847.55,432,2
1065,154,2,1848.0,332,2
1062,146,2,1848.15,332,2
1061,206,2,1848.15,212,2
1064,381,2,1848.15,122,0
1063,179,2,1848.15,312,2
1060,117,2,1849.0,322,2
1058,583,3,1852.1,132,0
1056,272,3,1854.0,242,2
1054,17,2,1855.0,432,2
1052,100,2,1857.0,432,2
1053,9,2,1857.0,432,2
1050,57,2,1862.0,422,2
1048,108,2,1865.0,432,2
1047,123,4,1872.3,342,1
1045,311,2,1876.45,222,0
1042,113,2,1882.0,322,2
1038,297,2,1887.0,212,2
1039,100,2,1887.0,432,2
1036,241,2,1890.0,212,2
1035,126,2,1891.1,322,2
1034,109,2,1891.7,322,2
1032,641,2,1892.1,122,0
1031,115,3,1893.15,342,2
1030,58,3,1894.0,432,2
1027,309,2,1895.0,222,0
1029,151,3,1895.0,342,2
1028,193,3,1895.0,242,2
1025,37,2,1895.75,422,2
1026,11,2,1895.75,432,2
1023,210,2,1896.0,212,2
1024,183,2,1896.0,312,2
1021,572,2,1896.0,112,0
1022,100,2,1896.0,432,2
1018,150,2,1897.0,332,2
1019,162,2,1897.0,312,2
1016,193,2,1898.0,212,2
1013,229,2,1898.0,212,2
1011,266,2,1898.0,212,2
1005,35,2,1901.0,422,2
1004,280,3,1901.15,242,2
1002,158,2,1905.0,332,2
1003,95,2,1905.0,432,2
1001,166,2,1905.0,312,2
999,113,2,1906.0,322,2
998,302,2,1907.9,212,0
996,165,2,1908.4,312,2
995,43,2,1909.05,422,2
994,100,2,1912.0,432,2
993,614,2,1912.6,122,0
992,180,3,1913.3,342,2
990,-5,4,1915.4,442,1
989,312,2,1915.45,222,0
988,63,3,1916.0,432,2
986,193,2,1917.0,212,2
985,25,4,1918.0,442,1
983,52,2,1918.15,422,2
984,75,2,1918.15,432,2
980,354,2,1923.75,122,0
979,109,2,1925.0,322,2
978,31,3,1925.45,432,2
977,287,2,1926.0,212,2
976,87,4,1926.85,442,1
975,74,2,1934.0,432,2
972,144,2,1935.0,332,2
973,222,2,1935.0,212,2
971,192,2,1935.1,212,2
970,223,3,1936.6,232,2
968,109,3,1943.0,342,2
967,40,2,1944.0,422,2
966,301,2,1945.0,212,0
965,115,2,1946.0,322,2
964,2,2,1946.05,432,2
962,190,2,1948.0,212,2
959,110,2,1949.0,322,2
958,461,3,1950.0,132,0
957,107,2,1951.3,432,2
956,20,2,1952.0,432,2
955,210,2,1953.65,212,2
954,26,2,1954.0,432,2
952,235,2,1955.0,212,2
953,184,2,1955.0,312,2
951,287,2,1958.95,212,2
950,363,3,1961.3,132,0
949,91,3,1965.42,432,2
941,41,4,1971.15,442,1
940,712,2,1973.0,122,0
939,191,2,1973.15,212,2
938,26,3,1974.0,432,2
937,156,2,1975.0,332,2
935,88,2,1976.0,422,2
934,242,3,1976.25,242,2
933,452,3,1978.8,132,0
928,654,2,1986.0,122,0
927,405,2,1986.0,122,0
924,120,2,1990.35,322,2
923,324,2,1991.55,122,0
921,133,2,1995.0,332,2
922,203,2,1995.0,212,2
918,223,2,1996.0,212,2
916,174,2,1997.25,312,2
915,146,2,1997.95,332,2
903,8,2,1998.0,432,2
911,215,2,1998.0,212,2
899,166,2,1998.15,313,2
898,18,2,2001.25,433,2
897,106,2,2001.65,433,2
895,293,2,2003.0,213,2
894,110,2,2005.0,323,2
892,137,2,2007.8,333,2
891,339,3,2013.1,133,0
890,13,2,2017.0,433,2
889,566,3,2020.3,133,0
888,136,2,2023.75,333,2
886,459,3,2024.45,133,0
884,101,2,2027.0,423,2
885,108,2,2027.0,423,2
883,301,4,2028.15,243,1
882,58,2,2030.9,423,2
880,225,2,2035.3,213,2
879,201,3,2036.0,243,2
877,155,2,2041.0,333,2
876,253,2,2042.35,213,2
875,381,2,2046.05,123,0
873,492,2,2047.0,113,0
870,33,2,2048.0,423,2
865,108,2,2051.0,423,2
862,18,2,2054.0,433,2
863,17,2,2054.0,433,2
864,-2,2,2054.0,433,2
861,280,4,2056.0,243,1
860,154,2,2057.6,333,2
859,132,2,2059.15,333,2
857,377,2,2061.7,123,0
856,273,2,2064.0,213,2
855,148,2,2064.05,333,2
854,593,2,2066.0,123,0
853,48,3,2066.87,433,2
852,264,3,2067.1,243,2
851,290,2,2068.0,213,2
850,234,2,2068.9,213,2
849,156,2,2069.0,333,2
848,179,2,2069.6,313,2
846,173,2,2074.0,313,2
845,241,2,2074.0,213,2
842,171,2,2080.45,313,2
841,160,3,2081.0,333,2
840,279,2,2083.0,213,2
837,170,2,2087.0,313,2
836,629,2,2088.0,123,0
834,179,2,2088.15,313,2
831,196,3,2096.0,243,2
826,328,2,2097.0,123,0
823,-3,2,2098.0,433,2
825,11,2,2098.0,433,2
822,101,2,2100.45,433,2
820,102,2,2105.05,423,2
816,524,2,2113.5,113,0
815,176,2,2113.5,313,2
812,201,2,2119.95,213,2
811,16,3,2121.0,433,2
810,100,2,2125.1,433,2
809,19,2,2127.9,433,2
808,141,2,2130.9,333,2
807,397,3,2134.8,133,0
806,285,2,2135.0,213,2
804,149,2,2136.5,333,2
802,132,2,2138.3,333,2
801,-9,3,2143.0,433,2
800,685,2,2144.0,123,0
799,369,3,2145.0,133,0
797,173,2,2146.0,313,2
798,119,2,2146.0,323,2
796,287,2,2146.0,213,2
795,208,2,2146.05,213,2
794,180,2,2147.0,313,2
791,278,2,2149.0,213,2
789,493,4,2152.0,143,0
788,101,2,2152.45,433,2
781,283,2,2162.15,213,2
768,286,2,2169.65,213,2
764,97,2,2179.38,433,2
763,51,2,2182.0,423,2
762,109,2,2183.0,323,2
761,601,2,2184.0,123,0
760,124,2,2188.15,323,2
759,146,2,2188.15,333,2
757,227,2,2195.0,213,2
756,6,2,2196.0,433,2
754,182,2,2196.0,313,2
755,196,2,2196.0,213,2
750,138,3,2205.0,343,2
749,285,2,2205.0,213,2
747,274,3,2205.15,243,2
746,107,3,2205.87,443,2
745,347,3,2206.15,133,0
743,396,2,2208.6,123,0
741,3,2,2213.9,433,2
740,224,2,2214.8,213,2
739,495,2,2216.0,113,0
736,135,2,2225.0,333,2
734,336,4,2228.0,143,1
733,144,2,2228.3,333,2
732,296,3,2228.65,243,2
730,236,2,2235.0,213,2
729,270,2,2237.0,213,2
728,153,2,2239.45,333,2
727,87,2,2242.0,423,2
726,62,2,2244.0,423,2
724,356,2,2246.0,123,0
723,199,3,2246.0,243,2
719,474,4,2252.3,143,0
718,176,2,2253.35,313,2
717,197,2,2254.0,213,2
716,128,3,2256.0,343,2
715,217,2,2256.45,213,2
713,221,3,2258.75,233,2
712,119,2,2264.85,323,2
711,244,2,2265.05,213,2
709,89,2,2266.0,423,2
708,158,2,2267.55,333,2
707,110,3,2270.0,343,2
706,640,2,2271.6,123,0
705,116,2,2272.3,323,2
704,190,2,2274.0,213,2
703,21,3,2276.65,433,2
701,46,2,2284.0,423,2
700,326,2,2289.45,123,0
699,219,4,2292.8,243,1
698,258,3,2294.0,243,2
697,363,2,2297.0,123,0
695,247,2,2299.45,213,2
694,236,2,2300.0,213,2
693,286,2,2303.0,213,2
692,101,2,2303.95,433,2
690,327,3,2305.3,133,0
689,135,3,2306.15,343,2
688,237,3,2307.95,243,2
687,185,4,2311.0,343,1
686,513,5,2316.0,143,1
685,30,2,2322.8,423,2
684,197,2,2323.9,213,2
681,151,2,2327.15,333,2
680,575,2,2335.0,113,0
678,108,2,2341.0,433,2
677,38,2,2344.1,423,2
676,296,2,2345.0,213,2
675,119,2,2346.0,323,2
674,191,2,2348.0,213,2
673,151,3,2352.6,343,2
672,225,4,2353.0,243,1
671,359,2,2354.0,123,0
670,36,2,2358.2,423,2
667,147,2,2367.15,333,2
665,158,2,2375.1,333,2
664,316,2,2376.0,223,0
663,167,2,2379.8,313,2
661,136,2,2380.0,333,2
660,83,2,2383.1,433,2
659,287,2,2384.25,213,2
658,628,2,2385.0,123,0
656,178,2,2387.4,313,2
653,100,2,2395.4,433,2
652,127,3,2396.0,343,2
651,306,3,2396.0,243,2
648,216,2,2397.0,213,2
649,233,2,2397.0,213,2
650,108,2,2397.0,433,2
644,181,3,2405.6,343,2
641,11,3,2414.05,433,2
640,331,2,2415.0,123,0
639,465,2,2415.0,123,0
637,273,2,2416.0,213,2
636,127,2,2418.05,323,2
635,235,2,2418.05,213,2
634,34,2,2418.7,423,2
633,177,2,2424.75,313,2
632,287,2,2427.0,213,2
631,226,2,2427.3,213,2
627,179,2,2435.0,313,2
626,289,3,2436.25,243,2
625,318,2,2438.0,223,0
624,290,3,2443.0,243,2
623,309,5,2443.55,243,1
622,177,2,2444.0,313,2
620,210,2,2448.0,213,2
619,82,3,2448.45,433,2
618,-7,5,2450.15,443,1
617,60,3,2452.0,433,2
616,100,2,2455.1,433,2
615,106,3,2456.0,443,2
612,182,2,2458.0,313,2
611,575,2,2459.8,113,0
610,288,3,2461.0,243,2
608,158,2,2469.0,333,2
607,53,2,2470.0,423,2
606,307,4,2472.45,243,1
605,111,2,2476.0,323,2
604,243,2,2482.45,213,2
603,156,2,2484.0,333,2
602,461,4,2487.0,143,0
600,49,4,2491.05,443,1
598,37,2,2494.0,423,2
597,244,2,2494.0,213,2
594,263,3,2495.0,243,2
583,199,2,2498.0,213,2
582,361,3,2498.45,133,0
581,362,3,2505.3,133,0
580,170,3,2505.7,343,2
578,58,3,2513.3,433,2
577,134,2,2514.0,333,2
576,53,2,2515.0,423,2
575,632,2,2516.1,123,0
574,12,3,2524.85,433,2
573,101,2,2530.5,423,2
572,238,3,2536.35,243,2
569,160,2,2546.0,333,2
567,166,2,2551.05,313,2
565,185,2,2553.0,313,2
562,279,3,2557.65,243,2
561,186,2,2558.6,313,2
559,93,3,2559.4,433,2
558,338,4,2563.45,143,1
557,281,2,2564.0,213,2
555,114,2,2571.0,323,2
553,536,3,2574.0,133,0
552,451,2,2577.0,113,0
551,453,2,2578.0,113,0
549,279,5,2583.2,243,1
548,17,4,2585.27,443,1
547,126,2,2588.15,323,2
546,168,3,2590.2,343,2
544,204,2,2596.0,213,2
542,307,3,2602.6,243,2
541,17,4,2616.05,443,1
538,244,3,2633.0,243,2
537,457,3,2637.65,133,0
536,191,3,2638.0,243,2
532,14,2,2643.0,433,2
531,422,2,2644.0,123,0
530,286,3,2648.0,243,2
528,89,2,2654.0,423,2
526,236,2,2665.45,213,2
527,259,2,2665.45,213,2
525,202,3,2668.0,243,2
524,510,3,2672.0,133,0
523,292,2,2672.05,213,2
522,108,3,2681.0,443,2
521,285,2,2681.45,213,2
520,168,2,2683.0,313,2
519,109,3,2686.85,343,2
517,409,2,2692.0,123,0
516,3,2,2692.4,433,2
514,424,2,2694.0,123,0
512,130,2,2697.0,333,2
511,105,2,2698.6,433,2
510,43,5,2700.0,443,1
509,187,4,2703.0,343,1
506,103,3,2712.37,443,2
505,107,5,2718.15,443,1
504,178,2,2721.8,313,2
503,157,2,2725.45,333,2
502,158,2,2725.6,333,2
501,144,3,2727.45,343,2
496,98,2,2728.1,423,2
495,200,5,2732.0,243,1
494,130,2,2734.0,333,2
493,-8,3,2737.0,433,2
492,149,2,2743.0,333,2
491,169,3,2743.0,343,2
490,267,2,2743.0,213,2
489,129,2,2744.8,333,2
488,285,2,2746.0,213,2
487,17,2,2753.95,433,2
485,340,2,2754.0,123,0
484,158,2,2755.5,333,2
482,252,3,2764.0,243,2
481,182,2,2771.65,313,2
479,113,3,2772.2,343,2
478,424,3,2773.0,133,0
477,362,4,2773.5,143,1
476,40,3,2774.05,433,2
475,113,2,2775.0,323,2
474,221,3,2779.0,233,2
473,259,3,2781.55,243,2
471,355,3,2786.3,133,0
469,222,2,2794.0,213,2
467,135,2,2798.0,333,2
466,461,3,2805.0,133,0
465,194,2,2807.55,213,2
464,212,2,2808.65,213,2
463,75,3,2810.0,433,2
462,106,2,2811.27,433,2
461,235,2,2817.0,213,2
460,49,3,2827.95,433,2
459,101,2,2829.0,423,2
458,33,3,2834.0,433,2
457,127,2,2837.0,323,2
456,138,2,2844.0,333,2
455,235,3,2846.1,243,2
453,18,2,2847.0,433,2
454,188,3,2847.0,343,2
452,17,2,2847.65,433,2
451,100,3,2850.0,443,2
450,-8,3,2852.05,433,2
447,107,3,2861.1,443,2
446,-2,3,2866.0,433,2
445,344,2,2867.0,123,0
444,90,3,2868.3,433,2
443,286,3,2872.0,243,2
442,286,2,2880.15,213,2
441,74,2,2881.0,433,2
440,109,3,2884.0,343,2
439,47,3,2886.4,433,2
437,158,3,2889.8,343,2
435,205,2,2898.05,213,2
434,79,2,2903.75,433,2
433,276,3,2905.0,243,2
432,115,2,2913.0,323,2
431,388,3,2913.65,133,0
428,114,2,2924.0,323,2
429,152,4,2924.0,343,1
427,136,2,2926.8,333,2
426,102,2,2936.0,423,2
425,2,3,2936.3,433,2
424,382,5,2939.1,143,1
423,276,3,2943.0,243,2
422,160,2,2945.45,323,2
421,89,3,2947.0,433,2
419,48,2,2953.35,423,2
418,107,3,2955.0,443,2
417,171,2,2956.8,313,2
416,291,4,2961.05,243,1
415,108,2,2978.37,433,2
414,108,2,2985.7,433,2
413,253,2,2996.0,213,2
412,106,2,3000.0,433,2
411,46,3,3012.6,433,2
410,110,2,3016.65,323,2
409,107,2,3017.0,433,2
408,188,2,3017.1,313,2
406,398,4,3023.0,143,1
405,108,2,3023.05,433,2
404,167,2,3023.2,313,2
403,251,3,3024.0,243,2
402,220,3,3027.0,233,2
401,21,2,3033.3,433,2
400,185,2,3038.0,313,2
399,258,3,3045.0,243,2
398,265,2,3046.75,213,2
397,75,2,3054.0,433,2
396,276,3,3055.0,243,2
395,111,3,3057.25,343,2
394,40,2,3060.0,423,2
393,642,2,3067.45,123,0
392,105,2,3068.0,433,2
391,269,3,3069.0,244,2
390,276,2,3072.95,214,2
388,507,3,3075.1,134,0
387,137,3,3086.6,344,2
386,542,4,3088.0,144,0
385,68,2,3092.0,424,2
384,347,2,3094.0,124,0
383,109,2,3097.0,324,2
382,64,2,3098.0,424,2
381,128,2,3102.95,334,2
380,34,3,3105.85,434,2
379,134,2,3109.3,334,2
378,123,3,3116.85,334,2
377,305,6,3124.0,244,1
375,181,3,3133.0,344,2
376,291,3,3133.0,244,2
374,485,2,3134.0,124,0
373,51,4,3136.8,444,1
372,51,3,3140.15,434,2
371,635,2,3141.0,124,0
370,103,2,3142.55,434,2
369,183,3,3145.0,344,2
368,286,2,3149.0,214,2
367,128,2,3152.25,334,2
365,195,4,3157.9,244,1
363,18,4,3162.65,444,1
362,277,4,3163.0,244,1
361,141,2,3164.0,334,2
359,167,2,3173.0,314,2
358,150,2,3176.0,334,2
357,200,4,3181.4,244,1
356,173,2,3190.2,314,2
355,44,4,3192.0,444,1
354,204,2,3193.0,214,2
353,215,4,3193.1,244,1
352,-5,4,3197.95,444,1
350,170,2,3203.05,314,2
349,162,2,3218.85,314,2
347,20,4,3219.0,444,1
346,536,7,3220.0,144,1
345,107,3,3226.0,444,2
344,51,2,3228.0,424,2
342,15,2,3240.3,434,2
341,221,3,3240.4,234,2
340,606,3,3243.65,134,0
339,98,2,3246.4,434,2
338,201,4,3249.6,244,1
337,285,5,3257.1,244,1
335,150,4,3258.0,344,1
334,104,2,3258.55,434,2
333,28,2,3259.0,424,2
332,100,2,3259.5,434,2
331,211,2,3273.0,214,2
330,127,4,3274.0,344,1
329,20,4,3279.3,444,1
328,336,2,3283.0,124,0
327,160,4,3284.3,344,1
326,24,3,3289.55,434,2
325,22,3,3292.75,434,2
321,114,2,3319.0,324,2
319,208,3,3342.45,244,2
318,158,2,3344.8,334,2
315,103,3,3368.3,444,2
314,124,4,3375.3,344,1
313,327,5,3376.2,144,1
312,156,4,3387.0,344,1
311,32,3,3389.0,434,2
310,301,2,3398.0,214,2
309,239,3,3401.0,244,2
307,173,2,3426.8,314,2
306,171,3,3427.45,344,2
305,657,3,3428.1,134,0
304,270,2,3436.0,214,2
302,198,3,3449.0,244,2
301,113,4,3456.4,344,1
300,110,2,3459.6,324,2
299,71,4,3480.9,444,1
298,177,5,3486.0,344,1
297,296,3,3486.15,244,2
296,83,3,3496.7,434,2
295,16,2,3499.0,434,2
294,138,2,3502.0,334,2
293,79,2,3503.2,434,2
292,130,2,3507.1,334,2
291,384,5,3522.3,144,1
290,209,4,3533.75,244,1
289,703,3,3555.0,134,0
288,108,2,3568.0,424,2
287,162,4,3574.0,344,1
286,252,6,3574.15,244,1
285,212,3,3577.35,244,2
284,20,5,3585.45,444,1
283,306,3,3590.0,244,2
281,145,3,3593.0,344,2
280,161,3,3593.7,344,2
275,203,3,3598.1,244,2
273,329,4,3611.9,144,1
272,279,3,3615.0,244,2
271,35,3,3616.0,434,2
270,51,3,3618.05,434,2
269,18,3,3619.0,434,2
268,116,2,3619.25,324,2
267,105,2,3631.65,434,2
266,74,3,3632.3,434,2
265,339,3,3639.0,134,0
264,102,3,3641.0,444,2
263,101,2,3642.0,424,2
261,80,2,3642.45,434,2
260,100,2,3647.0,434,2
259,88,6,3652.05,444,1
258,0,6,3676.35,444,1
257,215,2,3681.0,214,2
256,34,3,3683.6,434,2
255,109,2,3690.0,324,2
254,104,3,3698.0,444,2
253,156,3,3705.45,344,2
252,15,3,3722.0,434,2
251,83,4,3724.0,444,1
250,239,2,3736.05,214,2
249,112,3,3740.2,344,2
248,148,4,3742.1,344,1
247,158,5,3745.9,344,1
246,230,3,3753.0,244,2
245,201,3,3753.45,244,2
244,40,3,3758.15,434,2
243,504,2,3762.0,114,0
241,80,5,3770.3,444,1
240,-9,2,3772.0,434,2
239,226,2,3778.8,214,2
238,193,3,3780.2,244,2
237,101,2,3782.1,424,2
235,285,2,3790.0,214,2
234,70,4,3809.2,444,1
233,57,3,3810.8,434,2
232,191,3,3811.0,244,2
231,410,2,3815.6,124,0
230,285,4,3820.6,244,1
229,5,2,3828.0,434,2
228,227,2,3834.6,214,2
227,120,3,3842.0,334,2
226,180,3,3844.95,344,2
225,156,3,3849.5,344,2
224,208,3,3851.0,244,2
223,184,3,3866.15,344,2
222,331,3,3872.55,134,0
220,141,3,3902.75,344,2
219,201,2,3916.65,214,2
218,361,4,3923.0,144,1
217,325,3,3927.0,134,2
216,172,3,3935.75,344,2
215,275,4,3942.9,244,1
214,18,4,3943.8,444,1
213,11,4,3946.0,444,1
212,100,3,3950.0,444,2
211,83,4,3950.0,444,1
210,241,4,3955.05,244,1
209,108,4,3965.0,444,1
208,201,5,3967.0,244,1
207,266,3,3980.0,244,2
206,144,3,3982.05,344,2
205,103,4,4003.0,444,1
204,235,3,4032.75,244,2
203,556,2,4036.0,114,0
202,108,3,4043.05,444,2
201,7,4,4045.25,444,1
200,111,2,4048.0,324,2
199,204,2,4049.0,214,2
198,146,2,4057.0,334,2
197,104,2,4066.87,434,2
196,20,5,4071.25,444,1
195,217,2,4089.0,214,2
194,111,3,4098.1,344,2
193,176,4,4105.6,344,1
192,475,3,4106.0,134,0
191,18,3,4111.9,434,2
190,114,4,4137.2,344,1
189,112,2,4148.0,324,2
188,215,3,4152.0,244,2
186,321,2,4176.0,124,2
185,110,4,4181.0,344,1
183,102,3,4202.45,444,2
182,-2,4,4209.7,444,1
181,186,3,4224.0,344,2
180,32,2,4237.2,424,2
179,108,2,4255.0,434,2
178,-6,2,4255.65,434,2
177,-2,4,4275.4,444,1
176,131,3,4286.4,344,2
175,274,4,4311.65,244,1
174,214,3,4312.1,244,2
173,184,2,4325.0,314,2
171,195,2,4340.0,214,2
170,12,3,4345.0,434,2
169,31,3,4346.0,434,2
168,263,4,4350.0,244,1
167,293,2,4364.0,214,2
166,25,4,4382.0,444,1
165,538,4,4383.05,144,0
164,25,5,4389.1,444,1
163,40,3,4400.45,434,2
162,41,3,4423.3,434,2
161,93,3,4435.3,434,2
160,454,3,4443.3,134,0
159,100,3,4446.0,444,2
158,-6,2,4453.12,434,2
157,155,3,4461.1,344,2
156,-9,3,4462.7,434,2
155,407,2,4471.0,124,0
154,318,7,4476.15,244,1
153,1,4,4487.0,444,1
151,139,3,4493.0,344,2
152,248,2,4493.0,214,2
150,365,3,4518.15,134,0
149,26,2,4526.0,434,2
148,39,4,4529.0,444,1
147,102,2,4533.0,424,2
146,115,3,4540.05,344,2
145,158,3,4549.0,344,2
144,456,3,4553.05,134,0
143,225,4,4563.65,244,1
142,144,2,4604.0,334,2
141,208,5,4622.0,244,1
140,461,4,4640.6,144,1
138,53,5,4694.1,444,1
137,138,5,4706.05,344,1
136,120,4,4729.4,344,1
135,113,3,4737.25,344,2
134,290,3,4745.0,244,2
133,651,3,4757.0,134,0
132,219,3,4778.25,234,2
131,27,4,4791.9,444,1
130,24,6,4802.7,444,1
129,6,3,4820.6,434,2
128,129,2,4841.4,334,2
127,71,3,4870.8,434,2
126,100,2,4884.95,434,2
124,-6,4,4911.1,444,1
123,142,6,4950.0,344,1
122,146,4,4981.77,344,1
121,303,3,4986.35,244,2
120,302,4,4990.85,244,1
117,47,3,5066.8,434,2
116,146,4,5074.95,344,1
115,21,4,5093.0,444,1
114,252,2,5111.55,214,2
113,100,2,5117.35,434,2
112,138,4,5140.7,344,1
111,67,3,5164.5,434,2
110,66,5,5224.65,444,1
109,154,2,5225.0,334,2
108,97,2,5242.42,434,2
107,124,3,5252.1,344,2
106,103,3,5298.0,444,2
105,90,5,5331.0,444,1
104,286,4,5352.0,244,1
103,164,4,5355.3,344,1
102,20,4,5362.7,444,1
100,119,4,5436.95,344,1
99,37,6,5465.95,444,1
98,6,4,5498.87,444,1
97,101,4,5576.0,444,1
96,15,6,5675.0,444,1
95,-1,6,5713.05,444,1
94,9,4,5804.75,444,1
93,112,6,5819.45,344,1
92,124,3,5825.85,334,2
91,7,5,5849.0,444,1
90,279,6,5857.15,244,1
89,291,4,5877.05,244,1
88,49,4,5906.05,444,1
86,134,4,5908.0,344,1
85,131,2,5914.0,334,2
84,-9,4,5928.0,444,1
83,245,3,5931.0,244,2
82,50,5,5967.25,444,1
81,236,7,6003.6,244,1
80,-9,4,6012.0,444,1
79,162,3,6035.0,344,2
78,172,3,6049.0,344,2
77,18,3,6103.0,434,2
76,209,6,6136.25,244,1
75,41,5,6152.0,444,1
74,22,6,6181.55,444,1
73,239,5,6208.55,244,1
72,48,6,6215.0,444,1
71,123,4,6260.65,344,1
70,145,4,6385.55,344,1
69,50,6,6441.9,444,1
68,44,3,6505.0,434,2
67,104,6,6534.6,444,1
66,-3,3,6616.0,434,2
65,179,5,6781.65,344,1
63,58,6,6813.9,444,1
62,25,4,6815.0,444,1
61,123,4,6821.7,344,1
60,5,4,6873.5,444,1
59,0,15,7039.0,444,1
58,199,7,7083.85,244,1
57,114,3,7127.6,344,2
56,6,5,7197.1,444,1
55,-5,9,7251.3,444,1
54,2,6,7269.0,444,1
53,46,6,7294.0,444,1
52,44,7,7309.0,444,1
51,12,5,7409.45,444,1
50,4,6,7531.95,444,1
49,54,3,7553.0,434,2
48,290,3,7554.45,244,2
47,111,7,7643.0,344,1
46,108,2,7652.0,424,2
45,154,2,7976.0,334,2
44,8,5,8126.55,444,1
43,9,6,8248.0,444,1
42,18,6,8254.7,444,1
41,288,5,8288.1,244,1
40,47,5,8354.6,444,1
39,55,8,8378.9,444,1
38,234,5,8396.75,244,1
37,27,7,8398.95,444,1
36,77,7,8445.25,444,1
34,100,5,8717.4,444,1
33,345,6,9279.25,144,1
32,18,9,9410.6,444,1
31,37,7,9498.7,444,1
30,19,7,9614.2,444,1
29,33,7,9617.5,444,1
28,67,10,9969.2,444,1
27,-9,2,10185.0,414,2
26,-3,14,10247.0,444,1
25,117,5,10350.15,344,1
24,47,8,10477.9,444,1
23,125,3,10534.4,344,1
22,143,7,10545.55,344,1
21,43,2,10751.0,424,2
20,6,11,10883.0,444,1
19,48,13,10935.45,444,1
18,91,6,11005.2,444,1
17,107,7,11410.1,444,1
16,47,8,11558.0,444,1
15,222,8,11647.15,244,1
14,11,6,11668.3,444,1
13,21,5,11992.4,444,1
12,215,4,12704.55,244,1
11,102,4,13008.65,444,1
10,10,12,13787.15,444,1
8,164,9,17857.6,344,1
7,253,8,22903.3,244,1
6,80,10,26418.05,444,1
5,152,5,26753.75,344,1
4,108,14,35990.12,444,3
3,16,11,37912.65,444,3
2,-1,15,76286.12,444,3
1,19,30,85155.29,444,3
